configuration,h0,h1,w0,w1,operation,n,mean_latency_ms,median_latency_ms,sd_latency_ms,cv_latency_pct,p95_latency_ms,max_latency_ms,min_latency_ms,mean_cpu_cycles,median_cpu_cycles,p95_cpu_cycles,max_cpu_cycles,mean_logical_hash_calls,median_logical_hash_calls,p95_logical_hash_calls,max_logical_hash_calls,signature_bytes,public_key_bytes,secret_key_bytes
H10-10_W16-16,10,10,16,16,keygen,10,4887.7673416,4887.6751265,0.7207795082640162,0.014746600193700518,4889.0310732,4889.124423,4886.924368,11723075896.6,11722863473.5,11726015039.7,11726218770.0,6862393.5,6862411.5,6862458.75,6862479.0,4963,64,5998
H10-10_W16-16,10,10,16,16,sign,1025,13.066100057560975,15.435315,4.7569700967965955,36.40696210682907,17.9127294,18.059703,3.531556,31335699.581463415,37021653.0,42956050.0,43324294.0,18323.92292682927,21650.0,25123.0,25319.0,4963,64,5998
H10-10_W16-16,10,10,16,16,verify,1025,2.6045264097560974,2.591166,0.08244467463332265,3.1654382280210105,2.7480818,2.87313,2.356537,6246219.228292683,6213458.0,6592356.600000001,6895725.0,3646.653658536585,3624.0,3849.0,4029.0,4963,64,5998
H10-10_W16-4,10,10,16,4,keygen,10,3816.1510163,3816.4091735,0.9525181171934528,0.024960178806471327,3817.09600565,3817.263164,3814.26685,9152836207.7,9153308965.5,9155219490.85,9155748829.0,5337798.9,5337825.0,5337843.0,5337843.0,7075,64,8110
H10-10_W16-4,10,10,16,4,sign,1025,13.029999761951219,15.389241,4.747288168827898,36.433524601361924,17.873925800000002,18.016037,3.492037,31248875.660487805,36909724.0,42860822.0,43191938.0,18309.81268292683,21650.0,25102.0,25278.0,7075,64,8110
H10-10_W16-4,10,10,16,4,verify,1025,2.1679058907317073,2.171815,0.08525620871926784,3.9326526618963307,2.313215,2.396148,1.949889,5199114.713170731,5211502.0,5547458.199999999,5745446.0,3031.4721951219512,3042.0,3222.0,3357.0,7075,64,8110
H10-10_W4-16,10,10,4,16,keygen,10,3817.9566606,3817.7826185000004,1.160511869302239,0.03039615093796958,3819.5135056999998,3819.690164,3816.163257,9157200078.5,9156604307.0,9160850453.7,9161175279.0,5338627.5,5338654.5,5338791.75,5338812.0,7075,64,5998
H10-10_W4-16,10,10,4,16,sign,1025,7.240074765853659,8.570685,2.6737101974094775,36.92931749848066,9.946874,9.99937,1.863037,17363836.02536585,20554250.0,23855994.4,23970349.0,10040.240975609757,11883.0,13794.0,13865.0,7075,64,5998
H10-10_W4-16,10,10,4,16,verify,1025,2.1203518273170734,2.1255,0.028490304221321885,1.3436592858917795,2.1647444,2.230111,2.031074,5084567.0302439025,5100366.0,5192129.0,5271577.0,2958.8312195121953,2970.0,3024.0,3069.0,7075,64,5998
H10-10_W4-4,10,10,4,4,keygen,10,2746.2785205,2746.1962575,2.9302875096407983,0.10670030325647002,2750.0620437999996,2750.091202,2741.860017,6586803533.4,6586698691.0,6595830613.8,6595901973.0,3814109.4,3814113.0,3814162.95,3814167.0,9187,64,8110
H10-10_W4-4,10,10,4,4,sign,1025,7.227058341463414,8.555186,2.667570266455615,36.910872175351166,9.9315188,9.97574,1.864555,17331920.03219512,20517605.0,23814408.4,23912803.0,10037.659512195121,11883.0,13792.0,13857.0,9187,64,8110
H10-10_W4-4,10,10,4,4,verify,1025,1.6740446995121951,1.679148,0.028973521390589497,1.7307495671431101,1.7211371999999998,1.758481,1.598389,4014589.579512195,4028584.0,4126249.0,4215368.0,2323.129756097561,2334.0,2388.0,2442.0,9187,64,8110
H12-8_W16-16,12,8,16,16,keygen,10,10398.887421700001,10400.613744,8.487556443449206,0.08161985123271646,10410.0010338,10410.143142,10384.80679,24941303542.2,24945434640.5,24967820429.55,24968034603.0,14580735.0,14580721.5,14580928.5,14580969.0,4963,64,6238
H12-8_W16-16,12,8,16,16,sign,4097,15.469351136929461,17.838426,5.689058012278225,36.776319587813404,20.298980999999998,45.239149,3.543167,37021939.56138638,42780580.0,48675833.6,51546411.0,21660.57529899927,25041.0,28481.0,28681.0,4963,64,6238
H12-8_W16-16,12,8,16,16,verify,4097,2.74638268391506,2.741407,0.16645137401739502,6.060749472106089,2.8824552,7.155593,2.455333,6574002.772760556,6575691.0,6910456.6,7294171.0,3837.961435196485,3849.0,4029.0,4254.0,4963,64,6238
H12-8_W16-4,12,8,16,4,keygen,10,10148.4306772,10152.510345499999,7.713671063555209,0.07600851115715014,10155.769774100001,10156.724549,10135.240235,24340716177.3,24350549125.0,24358447992.449997,24360827007.0,14198982.0,14198968.5,14199041.850000001,14199054.0,7075,64,8350
H12-8_W16-4,12,8,16,4,sign,4097,15.42961359433732,17.825778,5.6109346569594525,36.36471271723013,20.282826,24.443056,3.518982,36996493.15767635,42750708.0,48641753.4,49101068.0,21660.083231632903,25041.0,28481.0,28710.0,7075,64,8350
H12-8_W16-4,12,8,16,4,verify,4097,2.152733161581645,2.153519,0.10536257425786168,4.894362949305349,2.2900405999999998,6.223185,1.874482,5160154.979985355,5166255.0,5490210.4,5951302.0,3003.9306809860873,3015.0,3195.0,3465.0,7075,64,8350
H12-8_W4-16,12,8,4,16,keygen,10,6090.366352,6090.327922500001,1.602918115131464,0.026318911252441915,6092.512220799999,6092.871571,6088.401441,14607445871.7,14607246955.0,14612655272.5,14613542902.0,8485896.0,8485896.0,8486031.0,8486031.0,7075,64,6238
H12-8_W4-16,12,8,4,16,sign,4097,8.531923292164999,9.868889,3.134878487431627,36.74292864670309,11.2315036,11.415074,1.88787,20459580.42689773,23669348.0,26934162.6,27260086.0,11899.490602880156,13773.0,15658.0,15743.0,7075,64,6238
H12-8_W4-16,12,8,4,16,verify,4097,2.1772956477910665,2.181334,0.028520467135371663,1.3099032813622051,2.2225775999999997,2.281703,2.083778,5221122.636563339,5232116.0,5329200.4,5471381.0,3048.8054674151817,3060.0,3114.0,3177.0,7075,64,6238
H12-8_W4-4,12,8,4,4,keygen,10,5821.9544501,5821.274144499999,2.8317636783469466,0.04863939940818855,5826.4846049,5828.473163,5817.702571,13963665256.7,13962022270.0,13974349782.849998,13979009275.0,8104147.5,8104161.0,8104174.950000001,8104179.0,9187,64,8350
H12-8_W4-4,12,8,4,4,sign,4097,8.540608932633635,9.881908,3.139914855370395,36.76453143022147,11.2408926,11.343815,1.9065,20482050.046131317,23699183.0,26957455.2,27130846.0,11899.086404686355,13773.0,15662.0,15748.0,9187,64,8350
H12-8_W4-4,12,8,4,4,verify,4097,1.6493473451305833,1.654278,0.02801441515457057,1.6985151876758011,1.6952076,1.753611,1.556574,3955574.466194777,3969348.0,4064256.6,4208827.0,2295.6670734683917,2307.0,2361.0,2442.0,9187,64,8350
H14-6_W16-16,14,6,16,16,keygen,10,39314.9546191,39299.1391705,41.2894400906304,0.10502222497942593,39386.84453665,39426.694162,39295.006236,94280972432.1,94257479158.0,94385747828.05,94414381342.0,55102299.0,55102299.0,55102483.5,55102524.0,4963,64,6478
H14-6_W16-16,14,6,16,16,sign,16385,17.891149088373513,20.329963,6.427144680637905,35.92359914330242,22.774071199999998,23.460944,3.519167,42907321.49337809,48755132.0,54617360.4,55989372.0,25010.35324992371,28407.0,31831.0,32060.0,4963,64,6478
H14-6_W16-16,14,6,16,16,verify,16385,2.4884644718339946,2.488611,0.0847538403066625,3.405869011430935,2.6289781999999997,2.789667,2.204741,5967671.04351541,5969934.0,6303189.6,6689390.0,3478.349404943546,3489.0,3669.0,3894.0,4963,64,6478
H14-6_W16-4,14,6,16,4,keygen,10,43335.618826,43322.748567,40.20103214701342,0.09276671993176679,43408.7746339,43434.551659,43306.799233,103929118500.7,103907839998.0,104059930907.7,104077032633.0,55006285.2,55006278.0,55006323.900000006,55006332.0,7075,64,8590
H14-6_W16-4,14,6,16,4,sign,16385,19.68153683539823,22.371481,7.069990177773365,35.921941649686794,25.0741188,25.405667,3.832926,47201389.17204761,53650720.0,60132546.2,60940981.0,25010.483979249315,28407.0,31827.0,32056.0,7075,64,8590
H14-6_W16-4,14,6,16,4,verify,16385,2.3851439437900517,2.384352,0.09253408757937023,3.879601808531997,2.5425884,2.757,2.069537,5719748.425267013,5719896.0,6096472.0,6612598.0,3013.0654256942325,3024.0,3204.0,3474.0,7075,64,8590
H14-6_W4-16,14,6,4,16,keygen,10,22118.8746795,22118.7974685,10.509407588449594,0.04751330138051653,22133.4704213,22134.052913,22095.711579,53051261479.8,53051304182.5,53086054970.15,53087618582.0,30722938.5,30722952.0,30723042.0,30723042.0,7075,64,6478
H14-6_W4-16,14,6,4,16,sign,16385,9.907464412938664,11.264407,3.5942442088695756,36.27814402417302,12.618770600000001,15.401871,1.855259,23758954.545682028,27014346.0,30260708.2,31264878.0,13762.02416844675,15652.0,17524.0,17609.0,7075,64,6478
H14-6_W4-16,14,6,4,16,verify,16385,2.1189432202014036,2.122796,0.04956180238566213,2.338986807817877,2.164963,6.184741,2.008352,5080533.906072628,5091481.0,5191883.8,5343223.0,2957.9426914861156,2970.0,3024.0,3105.0,7075,64,6478
H14-6_W4-4,14,6,4,4,keygen,10,24310.2176467,24311.044198000003,8.94131053185389,0.03678005134218793,24322.33234445,24328.026986,24296.700393,58306869860.6,58309074954.0,58335966965.149994,58349913722.0,30626906.7,30626899.5,30626980.95,30626985.0,9187,64,8590
H14-6_W4-4,14,6,4,4,sign,16385,10.927825557216966,12.424907,3.962773805730685,36.26315029446627,13.9264556,14.253889,2.09213,26207203.624046385,29797787.0,33397720.0,33937356.0,13761.924198962466,15652.0,17524.0,17636.0,9187,64,8590
H14-6_W4-4,14,6,4,4,verify,16385,1.8338517761977418,1.837889,0.03147847333805824,1.7165222264214204,1.885315,1.945463,1.718574,4397751.746841623,4409301.0,4519878.0,4669349.0,2303.9009459871836,2316.0,2370.0,2451.0,9187,64,8590
H6-14_W16-16,6,14,16,16,keygen,10,39890.484500499995,39880.653892999995,38.229400608977016,0.09583588940489765,39942.990647599996,39960.209606,39834.596217,95661322069.9,95651130428.0,95797836855.95001,95841831362.0,55102344.0,55102389.0,55102479.0,55102479.0,4963,64,5518
H6-14_W16-16,6,14,16,16,sign,65,8.481949261538462,7.064296,2.889224078221485,34.06320869334504,13.2660112,13.348649,3.430629,20339398.138461538,16942775.0,31826031.4,32013204.0,11752.36923076923,9777.0,18414.0,18521.0,4963,64,5518
H6-14_W16-16,6,14,16,16,verify,65,2.6069601384615386,2.592722,0.08469965267340919,3.2489815023943374,2.7671668,2.854408,2.427167,6250591.523076923,6214437.0,6616174.2,6844620.0,3599.769230769231,3579.0,3804.0,3939.0,4963,64,5518
H6-14_W16-4,6,14,16,4,keygen,10,22101.672114599998,22103.402996,10.215809876099753,0.04622188684697462,22112.884747149998,22113.780172,22080.249024,53006242385.2,53013214805.5,53036905601.95,53039212729.0,30722118.9,30722104.5,30722198.549999997,30722235.0,7075,64,7630
H6-14_W16-4,6,14,16,4,sign,65,8.3462276,6.134389,2.867287221328702,34.354289851006484,13.1072698,13.130371,3.595351,20017883.338461537,14712932.0,31420752.2,31490499.0,11699.753846153846,8606.0,18378.0,18386.0,7075,64,7630
H6-14_W16-4,6,14,16,4,verify,65,2.160911076923077,2.144981,0.08122209638244762,3.7586968408760177,2.2929634,2.327037,1.908314,5181745.246153846,5138709.0,5498216.2,5578275.0,3015.8307692307694,2979.0,3204.0,3249.0,7075,64,7630
H6-14_W4-16,6,14,4,16,keygen,10,39314.6386877,39323.136708,22.42367335379871,0.05703644775149414,39332.527295,39337.457828,39271.631792,94280648094.1,94309851167.5,94336043618.95,94348100716.0,55007116.5,55007134.5,55007202.0,55007202.0,7075,64,5518
H6-14_W4-16,6,14,4,16,sign,65,4.623480307692308,4.527611,1.5969694014190785,34.54041750241962,7.2328258,7.247648,1.859407,11087009.676923078,10858883.0,17344679.6,17384815.0,6424.969230769231,6292.0,10049.800000000001,10076.0,7075,64,5518
H6-14_W4-16,6,14,4,16,verify,65,2.2416164615384617,2.237852,0.028682774233346985,1.2795576194895304,2.2884588,2.306945,2.163112,5375805.492307693,5365954.0,5488161.6,5536827.0,3129.507692307692,3123.0,3195.0,3222.0,7075,64,5518
H6-14_W4-4,6,14,4,4,keygen,10,22096.611746,22095.073079,4.7445559787109906,0.021471871041811946,22104.7907508,22105.550709,22091.375394,52997967339.6,52994808072.0,53017365157.95,53019154110.0,30626886.9,30626872.5,30626955.75,30626976.0,9187,64,7630
H6-14_W4-4,6,14,4,4,sign,65,4.598698523076923,3.659112,1.600461127915445,34.8024798730359,7.2469742,7.275833,1.866148,11029762.96923077,8777428.0,17383103.0,17451094.0,6381.3538461538465,5070.0,10059.0,10095.0,9187,64,7630
H6-14_W4-4,6,14,4,4,verify,65,1.6077564153846153,1.613519,0.03497115947949659,2.1751528493282746,1.6501476,1.752352,1.547389,3855769.815384615,3870621.0,3960540.8,4205817.0,2226.4153846153845,2235.0,2289.0,2433.0,9187,64,7630
H8-12_W16-16,8,12,16,16,keygen,10,10429.377238,10428.985456499999,6.686143410598805,0.06410875029275459,10438.8262702,10445.638345,10418.667401,25014442154.7,25013524227.0,25037045432.199997,25053313663.0,14580802.5,14580811.5,14580903.75,14580924.0,4963,64,5758
H8-12_W16-16,8,12,16,16,sign,257,10.673789501945524,12.95737,3.956574445983283,37.06813259959936,15.4686112,15.558796,3.531667,25598267.61089494,31076100.0,37099802.6,37318840.0,14976.789883268482,18169.0,21732.0,21826.0,4963,64,5758
H8-12_W16-16,8,12,16,16,verify,257,2.5494109571984436,2.551611,0.07681469486547157,3.0130369781529263,2.6842591999999996,2.749185,2.391908,6113740.898832684,6119431.0,6437242.0,6591873.0,3571.8210116731516,3579.0,3759.0,3849.0,4963,64,5758
H8-12_W16-4,8,12,16,4,keygen,10,6098.6041093,6098.4681165,2.900934061174894,0.04756718109888697,6102.5504889,6103.479423,6094.049256,14627288216.9,14626989061.5,14636765524.4,14639010083.0,8485104.3,8485107.0,8485158.75,8485179.0,7075,64,7870
H8-12_W16-4,8,12,16,4,sign,257,10.675225439688717,12.988352,3.97322404096969,37.21911132853366,15.4961702,15.706425,3.522463,25601491.52918288,31148752.0,37168373.4,37450661.0,14978.43579766537,18251.0,21777.0,21867.0,7075,64,7870
H8-12_W16-4,8,12,16,4,verify,257,2.122759093385214,2.104463,0.08586328323429343,4.044890609671832,2.2937366000000003,2.427278,1.942963,5090920.260700389,5049106.0,5500364.8,5813230.0,2960.929961089494,2934.0,3204.0,3384.0,7075,64,7870
H8-12_W4-16,8,12,4,16,keygen,10,10258.6159589,10259.8517535,2.119932325217753,0.02066489606113559,10260.37494585,10260.518679,10254.302827,24605187838.0,24608144136.5,24609358087.2,24609677544.0,14199856.5,14199883.5,14199951.0,14199951.0,7075,64,5758
H8-12_W4-16,8,12,4,16,sign,257,5.965819291828794,7.278056,2.2405872590203884,37.557075556902205,8.675193,8.720926,1.91887,14307819.575875487,17456418.0,20812159.4,20902452.0,8195.132295719844,9999.0,11920.0,11961.0,7075,64,5758
H8-12_W4-16,8,12,4,16,verify,257,2.1457135291828795,2.150204,0.028760133606480713,1.3403529043055906,2.1945734000000003,2.233259,2.054481,5145686.949416342,5158810.0,5262724.4,5333008.0,2958.303501945525,2970.0,3024.0,3069.0,7075,64,5758
H8-12_W4-4,8,12,4,4,keygen,10,5841.4090911,5841.3235525,3.1275519592913827,0.05354105337454513,5846.06714075,5846.669108,5837.563756,14010409670.1,14010300565.5,14021578944.25,14023125538.0,8104130.4,8104125.0,8104183.949999999,8104188.0,9187,64,7870
H8-12_W4-4,8,12,4,4,sign,257,5.8921049027237355,7.189037,2.222499128136746,37.719951780039665,8.581333,8.660129,1.859426,14129432.108949417,17246653.0,20578305.8,20665688.0,8184.136186770428,9985.0,11920.8,11997.0,9187,64,7870
H8-12_W4-4,8,12,4,4,verify,257,1.7067786186770428,1.712519,0.028855329881138723,1.6906310850967332,1.753063,1.77763,1.622018,4093732.852140078,4108928.0,4205067.0,4264768.0,2369.0194552529183,2379.0,2433.0,2469.0,9187,64,7870
